{
  "additionalFiles": "",
  "builtInLibrariesFolders": "C:\\Program Files (x86)\\Arduino\\libraries",
  "builtInToolsFolders": "C:\\Program Files (x86)\\Arduino\\tools-builder,C:\\Program Files (x86)\\Arduino\\hardware\\tools\\avr,C:\\Users\\ednie\\AppData\\Local\\Arduino15\\packages",
  "compiler.optimization_flags": "",
  "customBuildProperties": "build.warn_data_percentage=75,runtime.tools.avrdude.path=C:\\Users\\ednie\\AppData\\Local\\Arduino15\\packages\\arduino\\tools\\avrdude\\6.3.0-arduino17,runtime.tools.avrdude-6.3.0-arduino17.path=C:\\Users\\ednie\\AppData\\Local\\Arduino15\\packages\\arduino\\tools\\avrdude\\6.3.0-arduino17,runtime.tools.avr-gcc.path=C:\\Users\\ednie\\AppData\\Local\\Arduino15\\packages\\arduino\\tools\\avr-gcc\\7.3.0-atmel3.6.1-arduino5,runtime.tools.avr-gcc-7.3.0-atmel3.6.1-arduino5.path=C:\\Users\\ednie\\AppData\\Local\\Arduino15\\packages\\arduino\\tools\\avr-gcc\\7.3.0-atmel3.6.1-arduino5,runtime.tools.arduinoOTA.path=C:\\Users\\ednie\\AppData\\Local\\Arduino15\\packages\\arduino\\tools\\arduinoOTA\\1.3.0,runtime.tools.arduinoOTA-1.3.0.path=C:\\Users\\ednie\\AppData\\Local\\Arduino15\\packages\\arduino\\tools\\arduinoOTA\\1.3.0",
  "fqbn": "arduino:megaavr:nona4809:mode=off",
  "hardwareFolders": "C:\\Program Files (x86)\\Arduino\\hardware,C:\\Users\\ednie\\AppData\\Local\\Arduino15\\packages",
  "otherLibrariesFolders": "C:\\Users\\ednie\\Documents\\Files\\Arduino\\libraries",
  "runtime.ide.version": "10819",
  "sketchLocation": "C:\\Users\\ednie\\AppData\\Local\\Temp\\arduino_modified_sketch_604445\\CharacterClock23cm_V005.ino"
}